<assembly xmlns="http://maven.apache.org/ASSEMBLY/2.2.0"
	xmlns:xsi="http://www.w3.org/2001/XMLSchema-instance"
	xsi:schemaLocation="http://maven.apache.org/ASSEMBLY/2.2.0 http://maven.apache.org/xsd/assembly-2.2.0.xsd">
	<id>second-release</id>
	<formats>
		<format>tar.gz</format>
	</formats>
	<includeBaseDirectory>false</includeBaseDirectory>
	<fileSets>
		<fileSet>
			<directory>${project.build.sourceDirectory}</directory>
			<outputDirectory>src/main/java</outputDirectory>
		</fileSet>
		<fileSet>
			<directory>${project.basedir}/src/main/resources</directory>
			<outputDirectory>src/main/resources</outputDirectory>
		</fileSet>
		<fileSet>
			<directory>${project.build.directory}/site</directory>
			<outputDirectory>site</outputDirectory>
		</fileSet>
	</fileSets>
	<files>
		<file>
			<source>pom.xml</source>
			<outputDirectory>/</outputDirectory>
		</file>
		<file>
			<source>ENTREGA2.md</source>
			<outputDirectory>/</outputDirectory>
		</file>
		<file>
			<source>configuration.xsd</source>
			<outputDirectory>/</outputDirectory>
		</file>
		<file>
			<source>configuration.xsl</source>
			<outputDirectory>/</outputDirectory>
		</file>
	</files>
</assembly>
